{"cameraMode":{"drawMode":0,"name":"Shaded","section":"Shading Mode"},"sceneLighting":false,"audioPlay":false,"sceneViewState":{"showFog":true,"showMaterialUpdate":true,"showSkybox":false,"showFlares":true,"showImageEffects":true,"showParticleSystems":true},"in2DMode":false,"pivot":{"x":-1.4999992847442628,"y":1.6923906750971685e-15,"z":-1.5000011920928956},"rotation":{"x":0.2223450392484665,"y":-0.09714414179325104,"z":0.03323889151215553,"w":0.9719163775444031},"size":7.0003533363342289,"orthographic":false}