{"cameraMode":{"drawMode":0,"name":"Shaded","section":"Shading Mode"},"sceneLighting":true,"audioPlay":false,"sceneViewState":{"showFog":true,"showMaterialUpdate":true,"showSkybox":true,"showFlares":true,"showImageEffects":true,"showParticleSystems":true},"in2DMode":false,"pivot":{"x":45.887603759765628,"y":11.036971092224121,"z":-16.984418869018556},"rotation":{"x":-0.00945879053324461,"y":0.17342428863048554,"z":-0.001640081638470292,"w":-0.9848347902297974},"size":6.3920464515686039,"orthographic":false}