{"cameraMode":{"drawMode":0,"name":"Shaded","section":"Shading Mode"},"sceneLighting":false,"audioPlay":false,"sceneViewState":{"showFog":true,"showMaterialUpdate":true,"showSkybox":false,"showFlares":true,"showImageEffects":true,"showParticleSystems":true},"in2DMode":false,"pivot":{"x":-17.989999771118165,"y":2.3399999141693117,"z":0.0},"rotation":{"x":-0.23993240296840669,"y":0.6303801536560059,"z":-0.21239666640758515,"w":-0.7074388265609741},"size":1.8622804880142213,"orthographic":false}