{"cameraMode":{"drawMode":0,"name":"Shaded","section":"Shading Mode"},"sceneLighting":false,"audioPlay":false,"sceneViewState":{"showFog":false,"showMaterialUpdate":false,"showSkybox":false,"showFlares":false,"showImageEffects":false,"showParticleSystems":false},"in2DMode":false,"pivot":{"x":82.67521667480469,"y":6.750104904174805,"z":4.277736663818359},"rotation":{"x":-0.06312467157840729,"y":-0.034383371472358707,"z":-0.0020210829097777607,"w":-0.9981069564819336},"size":185.1246337890625,"orthographic":false}