{"cameraMode":{"drawMode":0,"name":"Shaded","section":"Shading Mode"},"sceneLighting":false,"audioPlay":false,"sceneViewState":{"showFog":false,"showMaterialUpdate":false,"showSkybox":false,"showFlares":false,"showImageEffects":false,"showParticleSystems":false},"in2DMode":false,"pivot":{"x":241.63616943359376,"y":-0.04748216271400452,"z":-63.9484977722168},"rotation":{"x":-0.21084728837013246,"y":0.11542671173810959,"z":-0.02796490490436554,"w":-0.9707629084587097},"size":92.06519317626953,"orthographic":false}