{"cameraMode":{"drawMode":0,"name":"Shaded","section":"Shading Mode"},"sceneLighting":false,"audioPlay":false,"sceneViewState":{"showFog":true,"showMaterialUpdate":true,"showSkybox":false,"showFlares":true,"showImageEffects":true,"showParticleSystems":true},"in2DMode":false,"pivot":{"x":308.02020263671877,"y":33.800025939941409,"z":-4.914690017700195},"rotation":{"x":-0.16948150098323823,"y":0.058796901255846027,"z":-0.007662763819098473,"w":-0.9841184020042419},"size":192.5797119140625,"orthographic":false}