{"cameraMode":{"drawMode":0,"name":"Shaded","section":"Shading Mode"},"sceneLighting":false,"audioPlay":false,"sceneViewState":{"showFog":true,"showMaterialUpdate":true,"showSkybox":false,"showFlares":true,"showImageEffects":true,"showParticleSystems":true},"in2DMode":false,"pivot":{"x":181.976318359375,"y":-25.5023193359375,"z":181.2190704345703},"rotation":{"x":0.21192441880702973,"y":0.3926587998867035,"z":-0.10150014609098435,"w":0.8909041881561279},"size":77.95177459716797,"orthographic":false}