{"cameraMode":{"drawMode":0,"name":"Shaded","section":"Shading Mode"},"sceneLighting":false,"audioPlay":false,"sceneViewState":{"showFog":true,"showMaterialUpdate":true,"showSkybox":false,"showFlares":true,"showImageEffects":true,"showParticleSystems":true},"in2DMode":false,"pivot":{"x":-0.9899539947509766,"y":-119.3440170288086,"z":60.000030517578128},"rotation":{"x":-0.08029230684041977,"y":-0.01767205074429512,"z":0.006946225184947252,"w":-0.9976130723953247},"size":472.70782470703127,"orthographic":false}