{"cameraMode":{"drawMode":0,"name":"Shaded","section":"Shading Mode"},"sceneLighting":false,"audioPlay":false,"sceneViewState":{"showFog":true,"showMaterialUpdate":true,"showSkybox":false,"showFlares":true,"showImageEffects":true,"showParticleSystems":true},"in2DMode":false,"pivot":{"x":75.28041076660156,"y":1.5447797775268555,"z":2.641785144805908},"rotation":{"x":-0.15705426037311555,"y":0.034647468477487567,"z":-0.005551227368414402,"w":-0.9870077967643738},"size":9.17805290222168,"orthographic":false}