{"cameraMode":{"drawMode":0,"name":"Shaded","section":"Shading Mode"},"sceneLighting":false,"audioPlay":false,"sceneViewState":{"showFog":false,"showMaterialUpdate":false,"showSkybox":false,"showFlares":false,"showImageEffects":false,"showParticleSystems":false},"in2DMode":false,"pivot":{"x":0.0,"y":0.2429676055908203,"z":0.05681204795837402},"rotation":{"x":0.10603654384613037,"y":-0.15044037997722627,"z":-0.03198033571243286,"w":0.9849814772605896},"size":3.444803237915039,"orthographic":false}