{"cameraMode":{"drawMode":0,"name":"Shaded","section":"Shading Mode"},"sceneLighting":false,"audioPlay":false,"sceneViewState":{"showFog":true,"showMaterialUpdate":true,"showSkybox":false,"showFlares":true,"showImageEffects":true,"showParticleSystems":true},"in2DMode":false,"pivot":{"x":22.088851928710939,"y":1.9846609830856324,"z":3.368255615234375},"rotation":{"x":0.145632803440094,"y":0.015788162127137185,"z":-0.007326614111661911,"w":0.9901935458183289},"size":6.166733741760254,"orthographic":false}