{"cameraMode":{"drawMode":0,"name":"Shaded","section":"Shading Mode"},"sceneLighting":false,"audioPlay":false,"sceneViewState":{"showFog":true,"showMaterialUpdate":true,"showSkybox":false,"showFlares":true,"showImageEffects":true,"showParticleSystems":true},"in2DMode":false,"pivot":{"x":0.0,"y":0.8625575304031372,"z":-0.06515046954154968},"rotation":{"x":-0.06945402920246124,"y":0.030483070760965349,"z":-0.010600598528981209,"w":-0.9991359114646912},"size":4.782961845397949,"orthographic":false}