{"cameraMode":{"drawMode":0,"name":"Shaded","section":"Shading Mode"},"sceneLighting":false,"audioPlay":false,"sceneViewState":{"showFog":true,"showMaterialUpdate":true,"showSkybox":false,"showFlares":true,"showImageEffects":true,"showParticleSystems":true},"in2DMode":false,"pivot":{"x":0.5709751844406128,"y":2.836122512817383,"z":6.143963813781738},"rotation":{"x":0.27154305577278139,"y":-0.039554089307785037,"z":0.003915238194167614,"w":0.9631813764572144},"size":8.288723945617676,"orthographic":false}