{"cameraMode":{"drawMode":0,"name":"Shaded","section":"Shading Mode"},"sceneLighting":false,"audioPlay":false,"sceneViewState":{"showFog":true,"showMaterialUpdate":true,"showSkybox":false,"showFlares":true,"showImageEffects":true,"showParticleSystems":true},"in2DMode":false,"pivot":{"x":152.17796325683595,"y":1.4717068672180176,"z":25.896780014038087},"rotation":{"x":0.21192441880702973,"y":0.3926587998867035,"z":-0.10150014609098435,"w":0.8909041881561279},"size":114.5119400024414,"orthographic":false}