{"cameraMode":{"drawMode":0,"name":"Shaded","section":"Shading Mode"},"sceneLighting":false,"audioPlay":false,"sceneViewState":{"showFog":false,"showMaterialUpdate":false,"showSkybox":false,"showFlares":false,"showImageEffects":false,"showParticleSystems":false},"in2DMode":false,"pivot":{"x":9.931724548339844,"y":1.4203907251358033,"z":2.5487141609191896},"rotation":{"x":0.15212300419807435,"y":-0.01693669706583023,"z":0.0029751702677458526,"w":0.9884325265884399},"size":8.195377349853516,"orthographic":false}