{"cameraMode":{"drawMode":0,"name":"Shaded","section":"Shading Mode"},"sceneLighting":false,"audioPlay":false,"sceneViewState":{"showFog":true,"showMaterialUpdate":true,"showSkybox":false,"showFlares":true,"showImageEffects":true,"showParticleSystems":true},"in2DMode":false,"pivot":{"x":73.96800231933594,"y":4.286769866943359,"z":-8.130000114440918},"rotation":{"x":0.014159864746034146,"y":-0.3363869786262512,"z":-0.002289503812789917,"w":-0.9425193667411804},"size":22.0,"orthographic":false}