{"cameraMode":{"drawMode":0,"name":"Shaded","section":"Shading Mode"},"sceneLighting":false,"audioPlay":false,"sceneViewState":{"showFog":false,"showMaterialUpdate":false,"showSkybox":false,"showFlares":false,"showImageEffects":false,"showParticleSystems":false},"in2DMode":false,"pivot":{"x":6.132941246032715,"y":1.609997034072876,"z":3.650784492492676e-7},"rotation":{"x":-0.023702435195446016,"y":0.021289639174938203,"z":-0.0005042574484832585,"w":-0.9995065927505493},"size":1.1406164169311524,"orthographic":false}