{"cameraMode":{"drawMode":0,"name":"Shaded","section":"Shading Mode"},"sceneLighting":false,"audioPlay":false,"sceneViewState":{"showFog":true,"showMaterialUpdate":true,"showSkybox":false,"showFlares":true,"showImageEffects":true,"showParticleSystems":true},"in2DMode":false,"pivot":{"x":5.760970592498779,"y":9.357867240905762,"z":172.78976440429688},"rotation":{"x":0.21192441880702973,"y":0.3926587998867035,"z":-0.10150014609098435,"w":0.8909041881561279},"size":45.04637908935547,"orthographic":false}