{"cameraMode":{"drawMode":0,"name":"Shaded","section":"Shading Mode"},"sceneLighting":false,"audioPlay":false,"sceneViewState":{"showFog":false,"showMaterialUpdate":false,"showSkybox":false,"showFlares":false,"showImageEffects":false,"showParticleSystems":false},"in2DMode":false,"pivot":{"x":9.676307678222657,"y":1.1027991771697999,"z":-0.7152042388916016},"rotation":{"x":-0.1619337648153305,"y":0.09173993766307831,"z":0.035854872316122058,"w":-0.9846966862678528},"size":19.869104385375978,"orthographic":false}