{"cameraMode":{"drawMode":0,"name":"Shaded","section":"Shading Mode"},"sceneLighting":false,"audioPlay":false,"sceneViewState":{"showFog":true,"showMaterialUpdate":true,"showSkybox":false,"showFlares":true,"showImageEffects":true,"showParticleSystems":true},"in2DMode":false,"pivot":{"x":39.95231628417969,"y":5.925774097442627,"z":-56.955718994140628},"rotation":{"x":0.21192441880702973,"y":0.3926587998867035,"z":-0.10150014609098435,"w":0.8909041881561279},"size":78.38770294189453,"orthographic":false}