{"cameraMode":{"drawMode":0,"name":"Shaded","section":"Shading Mode"},"sceneLighting":false,"audioPlay":false,"sceneViewState":{"showFog":true,"showMaterialUpdate":true,"showSkybox":false,"showFlares":true,"showImageEffects":true,"showParticleSystems":true},"in2DMode":false,"pivot":{"x":19.7117977142334,"y":5.602184295654297,"z":6.750032901763916},"rotation":{"x":-0.15155430138111115,"y":0.17650975286960603,"z":-0.024130994454026223,"w":-0.9731437563896179},"size":12.545820236206055,"orthographic":false}