{"cameraMode":{"drawMode":0,"name":"Shaded","section":"Shading Mode"},"sceneLighting":false,"audioPlay":false,"sceneViewState":{"showFog":false,"showMaterialUpdate":false,"showSkybox":false,"showFlares":false,"showImageEffects":false,"showParticleSystems":false},"in2DMode":false,"pivot":{"x":70.66143798828125,"y":-13.918619155883789,"z":-49.35260772705078},"rotation":{"x":0.16235628724098206,"y":0.5786519646644592,"z":-0.13495811820030213,"w":0.7885729074478149},"size":76.69488525390625,"orthographic":false}