{"cameraMode":{"drawMode":0,"name":"Shaded","section":"Shading Mode"},"sceneLighting":false,"audioPlay":false,"sceneViewState":{"showFog":false,"showMaterialUpdate":false,"showSkybox":false,"showFlares":false,"showImageEffects":false,"showParticleSystems":false},"in2DMode":false,"pivot":{"x":-0.18208907544612885,"y":0.09129292517900467,"z":0.09006443619728089},"rotation":{"x":-0.1531592607498169,"y":-0.6911020278930664,"z":0.17847125232219697,"w":-0.6836996078491211},"size":0.5268726348876953,"orthographic":false}