{"cameraMode":{"drawMode":0,"name":"Shaded","section":"Shading Mode"},"sceneLighting":false,"audioPlay":false,"sceneViewState":{"showFog":true,"showMaterialUpdate":true,"showSkybox":false,"showFlares":true,"showImageEffects":true,"showParticleSystems":true},"in2DMode":false,"pivot":{"x":188.74151611328126,"y":3.630168914794922,"z":-161.2742919921875},"rotation":{"x":0.21192441880702973,"y":0.3926587998867035,"z":-0.10150014609098435,"w":0.8909041881561279},"size":252.73887634277345,"orthographic":false}