{"cameraMode":{"drawMode":0,"name":"Shaded","section":"Shading Mode"},"sceneLighting":false,"audioPlay":false,"sceneViewState":{"showFog":true,"showMaterialUpdate":true,"showSkybox":false,"showFlares":true,"showImageEffects":true,"showParticleSystems":true},"in2DMode":false,"pivot":{"x":0.8269054889678955,"y":-0.01802802085876465,"z":9.582906723022461},"rotation":{"x":0.12307394295930863,"y":0.009612572379410267,"z":-0.004563926253467798,"w":0.9933143854141235},"size":16.013139724731447,"orthographic":false}