{"cameraMode":{"drawMode":0,"name":"Shaded","section":"Shading Mode"},"sceneLighting":false,"audioPlay":false,"sceneViewState":{"showFog":false,"showMaterialUpdate":false,"showSkybox":false,"showFlares":false,"showImageEffects":false,"showParticleSystems":false},"in2DMode":false,"pivot":{"x":-0.5967411994934082,"y":-0.5350844264030457,"z":2.159158229827881},"rotation":{"x":0.10603654384613037,"y":-0.15044037997722627,"z":-0.03198033571243286,"w":0.9849814772605896},"size":3.933842897415161,"orthographic":false}