{"cameraMode":{"drawMode":0,"name":"Shaded","section":"Shading Mode"},"sceneLighting":false,"audioPlay":false,"sceneViewState":{"showFog":true,"showMaterialUpdate":true,"showSkybox":false,"showFlares":true,"showImageEffects":true,"showParticleSystems":true},"in2DMode":false,"pivot":{"x":0.21176719665527345,"y":0.6759505271911621,"z":-9.5367431640625e-7},"rotation":{"x":-0.3665305972099304,"y":0.04647254943847656,"z":-0.01714603789150715,"w":-0.929376482963562},"size":54.34794616699219,"orthographic":false}