{"cameraMode":{"drawMode":0,"name":"Shaded","section":"Shading Mode"},"sceneLighting":false,"audioPlay":false,"sceneViewState":{"showFog":false,"showMaterialUpdate":false,"showSkybox":false,"showFlares":false,"showImageEffects":false,"showParticleSystems":false},"in2DMode":false,"pivot":{"x":25.6881103515625,"y":-22.93532371520996,"z":-11.377604484558106},"rotation":{"x":-0.09293580055236817,"y":-0.8700076937675476,"z":0.4342976212501526,"w":-0.21708187460899354},"size":67.93378448486328,"orthographic":false}