{"cameraMode":{"drawMode":0,"name":"Shaded","section":"Shading Mode"},"sceneLighting":false,"audioPlay":false,"sceneViewState":{"showFog":false,"showMaterialUpdate":false,"showSkybox":false,"showFlares":false,"showImageEffects":false,"showParticleSystems":false},"in2DMode":false,"pivot":{"x":-1.8039580583572388,"y":1.321205496788025,"z":-0.22066782414913178},"rotation":{"x":0.20186913013458253,"y":-0.5315915942192078,"z":0.07363834977149964,"w":0.8223915100097656},"size":3.7321043014526369,"orthographic":false}