{"cameraMode":{"drawMode":0,"name":"Shaded","section":"Shading Mode"},"sceneLighting":false,"audioPlay":false,"sceneViewState":{"showFog":true,"showMaterialUpdate":true,"showSkybox":false,"showFlares":true,"showImageEffects":true,"showParticleSystems":true},"in2DMode":false,"pivot":{"x":-1.5057343244552613,"y":0.02810300886631012,"z":-1.5175037384033204},"rotation":{"x":0.21834661066532136,"y":0.03525398671627045,"z":-0.0009806243469938636,"w":0.977047324180603},"size":6.775339126586914,"orthographic":false}