{"cameraMode":{"drawMode":0,"name":"Shaded","section":"Shading Mode"},"sceneLighting":false,"audioPlay":false,"sceneViewState":{"showFog":true,"showMaterialUpdate":false,"showSkybox":false,"showFlares":true,"showImageEffects":true,"showParticleSystems":true},"in2DMode":false,"pivot":{"x":0.08567678928375244,"y":0.9460766315460205,"z":-0.06626081466674805},"rotation":{"x":0.005665449425578117,"y":0.9884220957756043,"z":-0.03798070177435875,"w":0.1469765156507492},"size":4.918901443481445,"orthographic":false}