{"cameraMode":{"drawMode":0,"name":"Shaded","section":"Shading Mode"},"sceneLighting":false,"audioPlay":false,"sceneViewState":{"showFog":true,"showMaterialUpdate":true,"showSkybox":false,"showFlares":true,"showImageEffects":true,"showParticleSystems":true},"in2DMode":false,"pivot":{"x":52.61021041870117,"y":-0.682828426361084,"z":4.98019552230835},"rotation":{"x":-0.13216045498847962,"y":0.03032366745173931,"z":-0.004045110195875168,"w":-0.9907637238502502},"size":2.7570254802703859,"orthographic":false}