{"cameraMode":{"drawMode":0,"name":"Shaded","section":"Shading Mode"},"sceneLighting":true,"audioPlay":false,"sceneViewState":{"showFog":false,"showMaterialUpdate":false,"showSkybox":false,"showFlares":false,"showImageEffects":false,"showParticleSystems":false},"in2DMode":false,"pivot":{"x":81.65274810791016,"y":15.540000915527344,"z":-65.67389678955078},"rotation":{"x":0.15999627113342286,"y":0.2100820690393448,"z":-0.05473601445555687,"w":0.9638151526451111},"size":44.9344367980957,"orthographic":false}