{"cameraMode":{"drawMode":0,"name":"Shaded","section":"Shading Mode"},"sceneLighting":false,"audioPlay":false,"sceneViewState":{"showFog":false,"showMaterialUpdate":false,"showSkybox":false,"showFlares":false,"showImageEffects":false,"showParticleSystems":false},"in2DMode":false,"pivot":{"x":-1.440999984741211,"y":0.6680002212524414,"z":-1.3950002193450928},"rotation":{"x":0.23204539716243745,"y":-0.1442621499300003,"z":0.021597828716039659,"w":0.9623545408248901},"size":40.010372161865237,"orthographic":false}