{"cameraMode":{"drawMode":0,"name":"Shaded","section":"Shading Mode"},"sceneLighting":false,"audioPlay":false,"sceneViewState":{"showFog":false,"showMaterialUpdate":false,"showSkybox":false,"showFlares":false,"showImageEffects":false,"showParticleSystems":false},"in2DMode":false,"pivot":{"x":17.697322845458986,"y":6.520380973815918,"z":0.217722088098526},"rotation":{"x":-0.10891329497098923,"y":0.7419275045394898,"z":-0.12086182832717896,"w":-0.6522743105888367},"size":7.000357151031494,"orthographic":false}