{"cameraMode":{"drawMode":0,"name":"Shaded","section":"Shading Mode"},"sceneLighting":false,"audioPlay":false,"sceneViewState":{"showFog":true,"showMaterialUpdate":true,"showSkybox":false,"showFlares":true,"showImageEffects":true,"showParticleSystems":true},"in2DMode":false,"pivot":{"x":0.0526307187974453,"y":2.598299264907837,"z":6.664523124694824},"rotation":{"x":-0.007190198637545109,"y":0.9963453412055969,"z":-0.09876984357833862,"w":0.01190903875976801},"size":0.5765071511268616,"orthographic":false}