{"cameraMode":{"drawMode":0,"name":"Shaded","section":"Shading Mode"},"sceneLighting":false,"audioPlay":false,"sceneViewState":{"showFog":true,"showMaterialUpdate":true,"showSkybox":false,"showFlares":true,"showImageEffects":true,"showParticleSystems":true},"in2DMode":false,"pivot":{"x":0.5531843304634094,"y":1.403659701347351,"z":-0.9193011522293091},"rotation":{"x":-0.18087191879749299,"y":-0.002984482329338789,"z":-0.00822731014341116,"w":-0.9853116869926453},"size":30.027851104736329,"orthographic":false}