{"cameraMode":{"drawMode":0,"name":"Shaded","section":"Shading Mode"},"sceneLighting":false,"audioPlay":false,"sceneViewState":{"showFog":true,"showMaterialUpdate":true,"showSkybox":false,"showFlares":true,"showImageEffects":true,"showParticleSystems":true},"in2DMode":false,"pivot":{"x":-20.49494171142578,"y":11.767589569091797,"z":0.055541958659887317},"rotation":{"x":0.011066573671996594,"y":0.9967109560966492,"z":-0.10192747414112091,"w":0.014129226095974446},"size":7.8696699142456059,"orthographic":false}