{"cameraMode":{"drawMode":0,"name":"Shaded","section":"Shading Mode"},"sceneLighting":false,"audioPlay":false,"sceneViewState":{"showFog":false,"showMaterialUpdate":false,"showSkybox":false,"showFlares":false,"showImageEffects":false,"showParticleSystems":false},"in2DMode":false,"pivot":{"x":33.153038024902347,"y":4.8592209815979,"z":3.6139326095581056},"rotation":{"x":-0.10193663835525513,"y":0.6541284918785095,"z":-0.06774713099002838,"w":-0.7465309500694275},"size":22.803102493286134,"orthographic":false}